country,iso3,outbreak_records,unique_diseases,years_reporting
Afghanistan,AFG,27,13,15
Albania,ALB,10,4,9
Algeria,DZA,15,8,12
American Samoa,ASM,5,3,5
Andorra,AND,5,2,5
Angola,AGO,23,10,18
Anguilla,AIA,4,2,4
Antigua and Barbuda,ATG,7,4,7
Argentina,ARG,20,11,11
Armenia,ARM,9,3,8
Aruba,ABW,7,3,6
Australia,AUS,18,10,12
Austria,AUT,19,9,14
Azerbaijan,AZE,9,2,8
Bahamas,BHS,9,4,7
Bahrain,BHR,5,3,5
Bangladesh,BGD,29,10,18
Barbados,BRB,11,5,8
Belarus,BLR,6,2,5
Belgium,BEL,17,9,12
Belize,BLZ,12,6,8
Benin,BEN,22,9,16
Bermuda,BMU,6,3,5
Bhutan,BTN,9,3,8
Bolivia (Plurinational State of),BOL,22,10,12
Bonaire Sint Eustatius and Saba,BES,6,3,6
Bosnia and Herzegovina,BIH,9,4,9
Botswana,BWA,6,2,6
Brazil,BRA,45,17,22
Brunei Darussalam,BRN,9,3,8
Bulgaria,BGR,10,4,9
Burkina Faso,BFA,34,9,21
Burundi,BDI,20,8,12
Cabo Verde,CPV,11,5,9
Cambodia,KHM,24,7,17
Cameroon,CMR,33,9,17
Canada,CAN,25,13,16
Cayman Islands,CYM,7,4,6
Central African Republic,CAF,26,9,17
Chad,TCD,40,12,21
Chile,CHL,20,7,14
China,CHN,49,21,26
Colombia,COL,21,11,14
Comoros,COM,7,3,7
Congo,COG,32,13,18
Congo Democratic Republic of the,COD,79,21,30
Cook Islands,COK,7,3,7
Costa Rica,CRI,15,7,9
Croatia,HRV,11,4,9
Cuba,CUB,12,5,10
Curaçao,CUW,7,4,7
Cyprus,CYP,10,4,9
Czechia,CZE,11,3,9
Côte d'Ivoire,CIV,33,9,17
Denmark,DNK,17,9,12
Djibouti,DJI,6,3,6
Dominica,DMA,7,4,6
Dominican Republic,DOM,11,5,9
Ecuador,ECU,17,9,11
Egypt,EGY,14,5,14
El Salvador,SLV,14,6,11
Equatorial Guinea,GNQ,6,3,5
Eritrea,ERI,4,2,4
Estonia,EST,8,2,7
Eswatini,SWZ,6,2,6
Ethiopia,ETH,31,14,17
Falkland Islands (Malvinas),FLK,4,2,4
Faroe Islands,FRO,3,1,3
Fiji,FJI,10,5,10
Finland,FIN,12,4,10
France,FRA,43,24,21
French Guiana,GUF,12,7,6
French Polynesia,PYF,8,3,7
Gabon,GAB,14,5,11
Gambia,GMB,9,4,9
Georgia,GEO,11,4,9
Germany,DEU,27,13,17
Ghana,GHA,31,13,15
Gibraltar,GIB,5,2,4
Greece,GRC,17,8,13
Greenland,GRL,3,1,3
Grenada,GRD,8,4,7
Guadeloupe,GLP,9,4,7
Guam,GUM,7,3,7
Guatemala,GTM,16,7,10
Guernsey,GGY,5,2,5
Guinea,GIN,26,11,14
Guinea-Bissau,GNB,9,4,8
Guyana,GUY,14,5,10
Haiti,HTI,13,5,9
Holy See,VAT,1,1,1
Honduras,HND,18,8,12
Hong Kong,HKG,12,4,10
Hungary,HUN,12,4,10
Iceland,ISL,11,3,9
India,IND,36,16,18
Indonesia,IDN,28,9,19
Iran (Islamic Republic of),IRN,14,6,12
Iraq,IRQ,17,6,15
Ireland,IRL,16,8,10
Isle of Man,IMN,4,2,4
Israel,ISR,18,7,13
Italy,ITA,23,11,14
Jamaica,JAM,13,5,11
Japan,JPN,15,8,13
Jersey,JEY,5,2,5
Jordan,JOR,7,3,7
Kazakhstan,KAZ,10,3,10
Kenya,KEN,36,12,19
Kiribati,KIR,5,3,5
Korea (Democratic People's Republic of),PRK,3,1,3
Korea Republic of,KOR,15,8,12
Kosovo,XXK,9,4,9
Kuwait,KWT,9,3,9
Kyrgyzstan,KGZ,8,3,8
Lao People's Democratic Republic,LAO,15,5,13
Latvia,LVA,12,4,9
Lebanon,LBN,13,6,9
Lesotho,LSO,7,3,7
Liberia,LBR,25,10,19
Libya,LBY,6,2,6
Liechtenstein,LIE,6,1,6
Lithuania,LTU,8,2,7
Luxembourg,LUX,10,4,7
Macao,MAC,1,1,1
Madagascar,MDG,21,8,16
Malawi,MWI,14,6,9
Malaysia,MYS,21,13,16
Maldives,MDV,10,5,8
Mali,MLI,22,10,17
Malta,MLT,8,3,6
Marshall Islands,MHL,6,2,6
Martinique,MTQ,8,3,6
Mauritania,MRT,16,7,10
Mauritius,MUS,10,4,7
Mayotte,MYT,7,3,6
Mexico,MEX,25,11,14
Micronesia (Federated States of),FSM,7,4,6
Moldova Republic of,MDA,9,3,7
Monaco,MCO,5,2,5
Mongolia,MNG,8,3,8
Montenegro,MNE,7,2,7
Montserrat,MSR,5,2,5
Morocco,MAR,11,4,9
Mozambique,MOZ,23,8,15
Myanmar,MMR,14,6,11
Namibia,NAM,6,6,5
Nauru,NRU,4,2,4
Nepal,NPL,16,7,9
Netherlands,NLD,26,15,16
New Caledonia,NCL,10,4,8
New Zealand,NZL,9,3,9
Nicaragua,NIC,16,7,11
Niger,NER,39,12,23
Nigeria,NGA,59,14,24
Niue,NIU,4,2,4
North Macedonia,MKD,9,3,8
Northern Mariana Islands,MNP,6,2,6
Norway,NOR,17,9,12
Oman,OMN,15,4,12
Pakistan,PAK,28,13,16
Palau,PLW,6,3,5
Palestine State of,PSE,7,5,5
Panama,PAN,17,8,11
Papua New Guinea,PNG,9,4,9
Paraguay,PRY,13,7,9
Peru,PER,21,11,12
Philippines,PHL,20,12,14
Pitcairn,PCN,1,1,1
Poland,POL,13,6,8
Portugal,PRT,16,8,13
Puerto Rico,PRI,7,3,6
Qatar,QAT,16,5,12
Romania,ROU,16,8,12
Russian Federation,RUS,21,9,16
Rwanda,RWA,21,9,13
Réunion,REU,10,4,10
Saint Barthélemy,BLM,7,2,5
Saint Helena Ascension and Tristan da Cunha,SHN,1,1,1
Saint Kitts and Nevis,KNA,7,3,6
Saint Lucia,LCA,11,4,8
Saint Martin (French part),MAF,9,4,7
Saint Pierre and Miquelon,SPM,4,1,4
Saint Vincent and the Grenadines,VCT,8,4,7
Samoa,WSM,9,4,8
San Marino,SMR,4,1,4
Sao Tome and Principe,STP,10,3,7
Saudi Arabia,SAU,24,6,18
Senegal,SEN,23,11,16
Serbia,SRB,12,5,9
Seychelles,SYC,9,4,7
Sierra Leone,SLE,18,7,15
Singapore,SGP,17,9,13
Sint Maarten (Dutch part),SXM,7,3,6
Slovakia,SVK,10,4,7
Slovenia,SVN,14,6,11
Solomon Islands,SLB,7,3,7
Somalia,SOM,27,10,17
South Africa,ZAF,25,12,16
South Sudan,SSD,18,8,9
Spain,ESP,26,16,17
Sri Lanka,LKA,12,5,9
Sudan,SDN,39,18,20
Suriname,SUR,12,5,9
Sweden,SWE,18,11,11
Switzerland,CHE,15,7,11
Syrian Arab Republic,SYR,9,4,8
Taiwan Province of China,TWN,3,3,2
Tajikistan,TJK,7,4,7
Tanzania United Republic of,TZA,26,12,17
Thailand,THA,25,11,16
Timor-Leste,TLS,9,6,8
Togo,TGO,27,10,15
Tokelau,TKL,4,3,4
Tonga,TON,8,4,7
Trinidad and Tobago,TTO,9,5,8
Tunisia,TUN,8,4,8
Turkey,TUR,14,6,11
Turks and Caicos Islands,TCA,9,3,7
Tuvalu,TUV,5,3,5
Uganda,UGA,39,14,23
Ukraine,UKR,13,4,11
United Arab Emirates,ARE,18,4,13
United Kingdom of Great Britain and Northern Ireland,GBR,41,21,21
United States of America,USA,51,28,24
Uruguay,URY,12,4,9
Uzbekistan,UZB,7,2,6
Vanuatu,VUT,7,3,7
Venezuela (Bolivarian Republic of),VEN,18,8,13
Viet Nam,VNM,20,8,17
Virgin Islands (British),VGB,9,3,7
Virgin Islands (U.S.),VIR,6,3,6
Wallis and Futuna,WLF,8,3,7
Yemen,YEM,14,9,10
Zambia,ZMB,21,11,15
Zimbabwe,ZWE,16,5,12
